{
  "mode": "baseline",
  "profile": "medium_stress",
  "episodes": [
    {
      "episode_id": 0,
      "interventions": 42,
      "freeze_events": 0,
      "stability_score": 0.019617944476139605,
      "episode_length": 354,
      "episode_time": 0.025685787200927734,
      "success": false,
      "roll_rms": 0.20426782783579342,
      "pitch_rms": 0.06892666438449818,
      "roll_max": 0.5152666006343015,
      "pitch_max": 0.19384357406141473,
      "roll_std": 0.131674933002393,
      "pitch_std": 0.04774574844899722,
      "com_deviation": 0.18948476059056565,
      "prefall_events": 101,
      "prefall_time": 1.0100000000000007,
      "safe_time": 2.109999999999999,
      "fail_events": 42,
      "intervention_times": [
        0.02216815948486328,
        0.02216815948486328,
        0.02216815948486328,
        0.02216815948486328,
        0.02216815948486328,
        0.02216815948486328,
        0.023166656494140625,
        0.023166656494140625,
        0.023166656494140625,
        0.023166656494140625,
        0.023166656494140625,
        0.023166656494140625,
        0.023166656494140625,
        0.023166656494140625,
        0.023166656494140625,
        0.023166656494140625,
        0.023166656494140625,
        0.023166656494140625,
        0.023166656494140625,
        0.023166656494140625,
        0.024166345596313477,
        0.024166345596313477,
        0.024166345596313477,
        0.024166345596313477,
        0.024166345596313477,
        0.024675369262695312,
        0.024675369262695312,
        0.024675369262695312,
        0.024675369262695312,
        0.024675369262695312,
        0.024675369262695312,
        0.024675369262695312,
        0.024675369262695312,
        0.024675369262695312,
        0.024675369262695312,
        0.025685787200927734,
        0.025685787200927734,
        0.025685787200927734,
        0.025685787200927734,
        0.025685787200927734,
        0.025685787200927734,
        0.025685787200927734
      ],
      "freeze_times": [],
      "prefall_times": [
        0.014026641845703125,
        0.01453542709350586,
        0.01453542709350586,
        0.01453542709350586,
        0.01453542709350586,
        0.015546083450317383,
        0.015546083450317383,
        0.015546083450317383,
        0.015546083450317383,
        0.015546083450317383,
        0.015546083450317383,
        0.015546083450317383,
        0.015546083450317383,
        0.016544342041015625,
        0.016544342041015625,
        0.016544342041015625,
        0.016544342041015625,
        0.016544342041015625,
        0.016544342041015625,
        0.016544342041015625,
        0.016544342041015625,
        0.016544342041015625,
        0.016544342041015625,
        0.016544342041015625,
        0.016544342041015625,
        0.017545461654663086,
        0.017545461654663086,
        0.017545461654663086,
        0.017545461654663086,
        0.017545461654663086,
        0.017545461654663086,
        0.017545461654663086,
        0.017545461654663086,
        0.017545461654663086,
        0.017545461654663086,
        0.017545461654663086,
        0.017545461654663086,
        0.017545461654663086,
        0.017545461654663086,
        0.01854228973388672,
        0.01854228973388672,
        0.01854228973388672,
        0.01854228973388672,
        0.01854228973388672,
        0.01854228973388672,
        0.01854228973388672,
        0.01854228973388672,
        0.01854228973388672,
        0.01854228973388672,
        0.01854228973388672,
        0.01854228973388672,
        0.01854228973388672,
        0.01854228973388672,
        0.01854228973388672,
        0.019545555114746094,
        0.019545555114746094,
        0.019545555114746094,
        0.019545555114746094,
        0.019545555114746094,
        0.019545555114746094,
        0.019545555114746094,
        0.019545555114746094,
        0.020158052444458008,
        0.020158052444458008,
        0.020158052444458008,
        0.020158052444458008,
        0.020158052444458008,
        0.020158052444458008,
        0.020158052444458008,
        0.020158052444458008,
        0.020158052444458008,
        0.020158052444458008,
        0.020158052444458008,
        0.020158052444458008,
        0.020158052444458008,
        0.020158052444458008,
        0.020158052444458008,
        0.020158052444458008,
        0.021166563034057617,
        0.021166563034057617,
        0.021166563034057617,
        0.021166563034057617,
        0.021166563034057617,
        0.021166563034057617,
        0.021166563034057617,
        0.021166563034057617,
        0.021166563034057617,
        0.021166563034057617,
        0.021166563034057617,
        0.021166563034057617,
        0.021166563034057617,
        0.021166563034057617,
        0.02216815948486328,
        0.02216815948486328,
        0.02216815948486328,
        0.02216815948486328,
        0.02216815948486328,
        0.02216815948486328,
        0.02216815948486328,
        0.02216815948486328,
        0.02216815948486328
      ],
      "metadata": {
        "max_steps": 10000,
        "hesitation_count": 120,
        "done": true,
        "final_reward": 0.0
      }
    }
  ],
  "seed": 42,
  "edon_gain": null,
  "run_metrics": {
    "interventions_per_episode": 42.0,
    "freeze_events_per_episode": 0.0,
    "stability_avg": 0.019617944476139605,
    "avg_episode_length": 354.0,
    "success_rate": 0.0
  }
}