{
  "GAIN_STABLE": 0.8808187767370104,
  "GAIN_WARNING": 1.108061985412907,
  "GAIN_RECOVERY": 1.1,
  "CLAMP_RATIO_STABLE": 1.1234588092216324,
  "CLAMP_RATIO_WARNING": 1.5091309150257812,
  "CLAMP_RATIO_RECOVERY": 1.5,
  "W_PREFALL_STABLE": 0.3,
  "W_SAFE_STABLE": 0.7,
  "W_PREFALL_WARNING": 0.5,
  "W_SAFE_WARNING": 0.5,
  "W_PREFALL_RECOVERY": 0.5,
  "W_SAFE_RECOVERY": 0.5
}