{
  "mode": "edon",
  "profile": "high_stress",
  "episodes": [
    {
      "episode_id": 0,
      "interventions": 42,
      "freeze_events": 0,
      "stability_score": 0.020337411527006466,
      "episode_length": 354,
      "episode_time": 1.2592778205871582,
      "success": false,
      "roll_rms": 0.20479062553308253,
      "pitch_rms": 0.07228698556534517,
      "roll_max": 0.5241350248262886,
      "pitch_max": 0.20922164191438972,
      "roll_std": 0.13253676278619497,
      "pitch_std": 0.05264425929920898,
      "com_deviation": 0.7667946760052976,
      "prefall_events": 102,
      "prefall_time": 1.0200000000000007,
      "safe_time": 2.099999999999999,
      "fail_events": 42,
      "intervention_times": [
        0.7210826873779297,
        0.7371933460235596,
        0.7475311756134033,
        0.756558895111084,
        0.8090627193450928,
        0.8195712566375732,
        0.8403892517089844,
        0.8443868160247803,
        0.8504066467285156,
        0.8706998825073242,
        0.8767054080963135,
        0.9020071029663086,
        0.9085142612457275,
        0.9323270320892334,
        0.9378304481506348,
        0.9429123401641846,
        0.9632046222686768,
        0.9697110652923584,
        0.9951965808868408,
        1.0007121562957764,
        1.0254416465759277,
        1.0309484004974365,
        1.0354571342468262,
        1.0564720630645752,
        1.0609827041625977,
        1.0659856796264648,
        1.0875775814056396,
        1.1027393341064453,
        1.1092586517333984,
        1.1142618656158447,
        1.1345081329345703,
        1.1400871276855469,
        1.1450889110565186,
        1.1506938934326172,
        1.1566956043243408,
        1.1617178916931152,
        1.166306495666504,
        1.1809844970703125,
        1.196794033050537,
        1.2120332717895508,
        1.2185461521148682,
        1.2429161071777344
      ],
      "freeze_times": [],
      "prefall_times": [
        0.013700008392333984,
        0.014707326889038086,
        0.01570606231689453,
        0.01570606231689453,
        0.01570606231689453,
        0.01570606231689453,
        0.01570606231689453,
        0.01670527458190918,
        0.01670527458190918,
        0.01728653907775879,
        0.01728653907775879,
        0.01728653907775879,
        0.01728653907775879,
        0.01728653907775879,
        0.01728653907775879,
        0.01728653907775879,
        0.018293142318725586,
        0.018293142318725586,
        0.018293142318725586,
        0.018293142318725586,
        0.018293142318725586,
        0.018293142318725586,
        0.018293142318725586,
        0.018293142318725586,
        0.018293142318725586,
        0.018293142318725586,
        0.019469499588012695,
        0.019469499588012695,
        0.019469499588012695,
        0.019469499588012695,
        0.02598285675048828,
        0.031049728393554688,
        0.037157297134399414,
        0.0670015811920166,
        0.07251119613647461,
        0.07853198051452637,
        0.08354020118713379,
        0.1119389533996582,
        0.11693882942199707,
        0.12096858024597168,
        0.12752676010131836,
        0.13204455375671387,
        0.15947318077087402,
        0.16546988487243652,
        0.19132089614868164,
        0.19782328605651855,
        0.20446443557739258,
        0.23645448684692383,
        0.2424788475036621,
        0.2499980926513672,
        0.25651073455810547,
        0.2641472816467285,
        0.27066540718078613,
        0.2981836795806885,
        0.3047025203704834,
        0.32804298400878906,
        0.33513975143432617,
        0.34203100204467773,
        0.36023378372192383,
        0.3642313480377197,
        0.37300729751586914,
        0.37802910804748535,
        0.38303709030151367,
        0.389188289642334,
        0.3951859474182129,
        0.3997800350189209,
        0.4201240539550781,
        0.42612409591674805,
        0.4317185878753662,
        0.4388589859008789,
        0.44385838508605957,
        0.4671010971069336,
        0.47161865234375,
        0.4776437282562256,
        0.49689650535583496,
        0.512007474899292,
        0.5170097351074219,
        0.5436749458312988,
        0.5491843223571777,
        0.5546996593475342,
        0.5751116275787354,
        0.580702543258667,
        0.5848038196563721,
        0.6067335605621338,
        0.6137599945068359,
        0.6197850704193115,
        0.6259660720825195,
        0.6304705142974854,
        0.6355254650115967,
        0.6540021896362305,
        0.6842789649963379,
        0.690335750579834,
        0.715564489364624,
        0.7265949249267578,
        0.732105016708374,
        0.7424337863922119,
        0.7510418891906738,
        0.7636129856109619,
        0.7937543392181396,
        0.7992780208587646,
        0.8033645153045654,
        0.8150613307952881
      ],
      "metadata": {
        "max_steps": 10000,
        "hesitation_count": 15,
        "done": true,
        "final_reward": 0.0
      }
    },
    {
      "episode_id": 1,
      "interventions": 34,
      "freeze_events": 0,
      "stability_score": 0.020976061064934565,
      "episode_length": 426,
      "episode_time": 1.9836115837097168,
      "success": false,
      "roll_rms": 0.08726569512316502,
      "pitch_rms": 0.18171498760725532,
      "roll_max": 0.28454076538116263,
      "pitch_max": 0.5234574923591044,
      "roll_std": 0.06604733615818084,
      "pitch_std": 0.12889457107009133,
      "com_deviation": 0.21374486464640505,
      "prefall_events": 119,
      "prefall_time": 1.1900000000000008,
      "safe_time": 2.7299999999999858,
      "fail_events": 34,
      "intervention_times": [
        1.508538007736206,
        1.5440037250518799,
        1.570523977279663,
        1.5851459503173828,
        1.6003432273864746,
        1.6063416004180908,
        1.6109025478363037,
        1.6335020065307617,
        1.6395220756530762,
        1.6445207595825195,
        1.6505379676818848,
        1.6792147159576416,
        1.6852195262908936,
        1.690234899520874,
        1.7108194828033447,
        1.7264485359191895,
        1.7431979179382324,
        1.749720573425293,
        1.7733330726623535,
        1.7894041538238525,
        1.7939140796661377,
        1.8205647468566895,
        1.8260776996612549,
        1.8525269031524658,
        1.8686182498931885,
        1.8731276988983154,
        1.8998985290527344,
        1.9139134883880615,
        1.9306449890136719,
        1.9457719326019287,
        1.960988998413086,
        1.9669864177703857,
        1.9720916748046875,
        1.9780957698822021
      ],
      "freeze_times": [],