{
  "mode": "edon",
  "profile": "medium_stress",
  "episodes": [
    {
      "episode_id": 0,
      "interventions": 42,
      "freeze_events": 0,
      "stability_score": 0.019607988224278953,
      "episode_length": 354,
      "episode_time": 1.2293996810913086,
      "success": false,
      "roll_rms": 0.20423234568320442,
      "pitch_rms": 0.06891574154337742,
      "roll_max": 0.5150666925002275,
      "pitch_max": 0.19377890904203932,
      "roll_std": 0.13164066450734271,
      "pitch_std": 0.04773597880366748,
      "com_deviation": 0.1894831641459014,
      "prefall_events": 101,
      "prefall_time": 1.0100000000000007,
      "safe_time": 2.109999999999999,
      "fail_events": 42,
      "intervention_times": [
        0.666290283203125,
        0.6809098720550537,
        0.6909449100494385,
        0.7210941314697266,
        0.7617638111114502,
        0.7707815170288086,
        0.8000578880310059,
        0.8055541515350342,
        0.8309142589569092,
        0.8369357585906982,
        0.8627865314483643,
        0.868293046951294,
        0.8732929229736328,
        0.8939542770385742,
        0.9095699787139893,
        0.9150760173797607,
        0.9195921421051025,
        0.9245901107788086,
        0.9296069145202637,
        0.9336066246032715,
        0.9566724300384521,
        0.9869062900543213,
        0.9914124011993408,
        0.9959204196929932,
        1.0188822746276855,
        1.023956298828125,
        1.0486226081848145,
        1.0636906623840332,
        1.0687017440795898,
        1.0949676036834717,
        1.099480152130127,
        1.1044988632202148,
        1.1090624332427979,
        1.1130602359771729,
        1.141723394393921,
        1.1472408771514893,
        1.1719105243682861,
        1.1881790161132812,
        1.193178653717041,
        1.1966888904571533,
        1.218379020690918,
        1.2233846187591553
      ],
      "freeze_times": [],
      "prefall_times": [
        0.016586780548095703,
        0.016586780548095703,
        0.016586780548095703,
        0.016586780548095703,
        0.01758742332458496,
        0.01758742332458496,
        0.018589258193969727,
        0.018589258193969727,
        0.018589258193969727,
        0.018589258193969727,
        0.018589258193969727,
        0.018589258193969727,
        0.018589258193969727,
        0.018589258193969727,
        0.019587039947509766,
        0.019587039947509766,
        0.019587039947509766,
        0.019587039947509766,
        0.019587039947509766,
        0.019587039947509766,
        0.019587039947509766,
        0.019587039947509766,
        0.019587039947509766,
        0.019587039947509766,
        0.019587039947509766,
        0.019587039947509766,
        0.020589828491210938,
        0.020589828491210938,
        0.020589828491210938,
        0.04970884323120117,
        0.05571794509887695,
        0.06172370910644531,
        0.07941007614135742,
        0.09552979469299316,
        0.10003328323364258,
        0.10605788230895996,
        0.11156964302062988,
        0.11707925796508789,
        0.12467336654663086,
        0.13219380378723145,
        0.13870882987976074,
        0.14529013633728027,
        0.1518089771270752,
        0.17373156547546387,
        0.17824220657348633,
        0.18375253677368164,
        0.1892712116241455,
        0.1947793960571289,
        0.19890928268432617,
        0.20393919944763184,
        0.20844364166259766,
        0.21295452117919922,
        0.21846628189086914,
        0.23462414741516113,
        0.24062895774841309,
        0.24565529823303223,
        0.25165891647338867,
        0.256671667098999,
        0.2611806392669678,
        0.2817707061767578,
        0.2974061965942383,
        0.31270742416381836,
        0.32826781272888184,
        0.3332688808441162,
        0.3372995853424072,
        0.3610343933105469,
        0.39073872566223145,
        0.4063453674316406,
        0.42311716079711914,
        0.439647912979126,
        0.44466495513916016,
        0.4486706256866455,
        0.45468878746032715,
        0.45969533920288086,
        0.46471166610717773,
        0.4712216854095459,
        0.5039217472076416,
        0.5102252960205078,
        0.5167982578277588,
        0.5227978229522705,
        0.5488910675048828,
        0.5644726753234863,
        0.5695245265960693,
        0.5957388877868652,
        0.6270730495452881,
        0.6330776214599609,
        0.6386590003967285,
        0.6436638832092285,
        0.648674726486206,
        0.6531884670257568,
        0.657700777053833,
        0.6617822647094727,
        0.670806884765625,
        0.6763112545013428,
        0.6854267120361328,
        0.6954460144042969,
        0.7266018390655518,
        0.7301044464111328,
        0.7522552013397217,
        0.7567641735076904,
        0.765782356262207
      ],
      "metadata": {
        "max_steps": 10000,
        "hesitation_count": 120,
        "done": true,
        "final_reward": 0.0
      }
    }
  ],
  "seed": 42,
  "edon_gain": 0.75,
  "run_metrics": {
    "interventions_per_episode": 42.0,
    "freeze_events_per_episode": 0.0,
    "stability_avg": 0.019607988224278953,
    "avg_episode_length": 354.0,
    "success_rate": 0.0
  }
}