{
  "accuracy": 0.20474137931034483,
  "auroc": 0.5,
  "confusion_matrix": [
    [
      0,
      652,
      0
    ],
    [
      0,
      285,
      0
    ],
    [
      0,
      160,
      0
    ]
  ],
  "classification_report": {
    "non-stress": {
      "precision": 0.0,
      "recall": 0.0,
      "f1-score": 0.0,
      "support": 652.0
    },
    "baseline": {
      "precision": 0.20474137931034483,
      "recall": 1.0,
      "f1-score": 0.33989266547406083,
      "support": 285.0
    },
    "stress": {
      "precision": 0.0,
      "recall": 0.0,
      "f1-score": 0.0,
      "support": 160.0
    },
    "micro avg": {
      "precision": 0.20474137931034483,
      "recall": 0.25979945305378305,
      "f1-score": 0.22900763358778625,
      "support": 1097.0
    },
    "macro avg": {
      "precision": 0.06824712643678162,
      "recall": 0.3333333333333333,
      "f1-score": 0.11329755515802027,
      "support": 1097.0
    },
    "weighted avg": {
      "precision": 0.05319169836230472,
      "recall": 0.25979945305378305,
      "f1-score": 0.08830392858715345,
      "support": 1097.0
    }
  },
  "cav_stats": {
    "mean": 0.0,
    "std": 0.0,
    "min": 0.0,
    "max": 0.0
  },
  "drift_stats": {
    "mean": 0.0,
    "std": 0.0,
    "min": 0.0,
    "max": 0.0
  },
  "n_samples": 1392,
  "state_distribution": {
    "unknown": 1392
  }
}