{
  "accuracy": 0.15445402298850575,
  "auroc": 0.5381493506493507,
  "confusion_matrix": [
    [
      36,
      66,
      550
    ],
    [
      12,
      29,
      244
    ],
    [
      4,
      6,
      150
    ]
  ],
  "classification_report": {
    "non-stress": {
      "precision": 0.5454545454545454,
      "recall": 0.05521472392638037,
      "f1-score": 0.10027855153203342,
      "support": 652.0
    },
    "baseline": {
      "precision": 0.25217391304347825,
      "recall": 0.10175438596491228,
      "f1-score": 0.145,
      "support": 285.0
    },
    "stress": {
      "precision": 0.12386457473162675,
      "recall": 0.9375,
      "f1-score": 0.2188183807439825,
      "support": 160.0
    },
    "micro avg": {
      "precision": 0.15445402298850575,
      "recall": 0.1959890610756609,
      "f1-score": 0.17276014463640016,
      "support": 1097.0
    },
    "macro avg": {
      "precision": 0.30716434440988344,
      "recall": 0.36482303663043086,
      "f1-score": 0.15469897742533864,
      "support": 1097.0
    },
    "weighted avg": {
      "precision": 0.40777052033802663,
      "recall": 0.1959890610756609,
      "f1-score": 0.12918646902271919,
      "support": 1097.0
    }
  },
  "cav_stats": {
    "mean": 1.8225574712643677,
    "std": 0.49069773174372133,
    "min": 0.0,
    "max": 2.0
  },
  "drift_stats": {
    "mean": 1.5313421029312505e-16,
    "std": 0.9999979620896992,
    "min": -3.714208644452418,
    "max": 0.3616119571067196
  },
  "n_samples": 1392,
  "state_distribution": {
    "balanced": 115,
    "overload": 1211,
    "restorative": 66
  }
}