{
  "mode": "edon",
  "profile": "high_stress",
  "episodes": [
    {
      "episode_id": 0,
      "interventions": 43,
      "freeze_events": 0,
      "stability_score": 0.017348655393705465,
      "episode_length": 344,
      "episode_time": 1.1116719245910645,
      "success": false,
      "roll_rms": 0.19995879034274594,
      "pitch_rms": 0.03926759326057162,
      "roll_max": 0.5125383508941499,
      "pitch_max": 0.12347928541078496,
      "roll_std": 0.12847678331115506,
      "pitch_std": 0.02902363767214539,
      "com_deviation": 0.42753087099253867,
      "prefall_events": 86,
      "prefall_time": 0.8600000000000005,
      "safe_time": 2.149999999999998,
      "fail_events": 43,
      "intervention_times": [
        0.6507694721221924,
        0.6743001937866211,
        0.704042911529541,
        0.7095515727996826,
        0.7135534286499023,
        0.7181906700134277,
        0.7231898307800293,
        0.7271983623504639,
        0.7332053184509277,
        0.7377119064331055,
        0.7427163124084473,
        0.7472286224365234,
        0.7524709701538086,
        0.7569780349731445,
        0.7669949531555176,
        0.7720096111297607,
        0.7760176658630371,
        0.7980585098266602,
        0.8030710220336914,
        0.8075792789459229,
        0.8130893707275391,
        0.817596435546875,
        0.8221056461334229,
        0.8261079788208008,
        0.8450887203216553,
        0.860602855682373,
        0.8762125968933105,
        0.8926312923431396,
        0.9086518287658691,
        0.9232490062713623,
        0.9293162822723389,
        0.9343142509460449,
        0.9383914470672607,
        0.9433927536010742,
        0.9724991321563721,
        1.003338098526001,
        1.0083487033843994,
        1.0139038562774658,
        1.0334765911102295,
        1.0384900569915771,
        1.064269781112671,
        1.0687782764434814,
        1.094547986984253
      ],
      "freeze_times": [],
      "prefall_times": [
        0.013521671295166016,
        0.014522552490234375,
        0.014522552490234375,
        0.014522552490234375,
        0.014522552490234375,
        0.014522552490234375,
        0.014522552490234375,
        0.014522552490234375,
        0.014522552490234375,
        0.016027212142944336,
        0.016027212142944336,
        0.016027212142944336,
        0.016027212142944336,
        0.016027212142944336,
        0.016027212142944336,
        0.016027212142944336,
        0.016027212142944336,
        0.016027212142944336,
        0.016027212142944336,
        0.016027212142944336,
        0.016027212142944336,
        0.017034292221069336,
        0.017034292221069336,
        0.017034292221069336,
        0.017034292221069336,
        0.023477554321289062,
        0.027985811233520508,
        0.04929995536804199,
        0.06482315063476562,
        0.07033205032348633,
        0.07535171508789062,
        0.0949702262878418,
        0.10105037689208984,
        0.10606193542480469,
        0.1110689640045166,
        0.12737560272216797,
        0.1338808536529541,
        0.15828156471252441,
        0.1642780303955078,
        0.17080950736999512,
        0.17631030082702637,
        0.18131542205810547,
        0.20538640022277832,
        0.21040844917297363,
        0.2365584373474121,
        0.24207043647766113,
        0.24657821655273438,
        0.2520895004272461,
        0.25716280937194824,
        0.2834913730621338,
        0.29853320121765137,
        0.33016061782836914,
        0.3463914394378662,
        0.3513965606689453,
        0.37833333015441895,
        0.3838374614715576,
        0.3874485492706299,
        0.39395666122436523,
        0.3993048667907715,
        0.4033064842224121,
        0.4254477024078369,
        0.43046069145202637,
        0.4566473960876465,
        0.4626498222351074,
        0.4687209129333496,
        0.47371912002563477,
        0.5021224021911621,
        0.5182473659515381,
        0.5232517719268799,
        0.5277590751647949,
        0.5332667827606201,
        0.5377750396728516,
        0.5654177665710449,
        0.5719404220581055,
        0.5764527320861816,
        0.5824666023254395,
        0.5869789123535156,
        0.5899786949157715,
        0.6111640930175781,
        0.6271982192993164,
        0.6342117786407471,
        0.6402378082275391,
        0.6462552547454834,
        0.6567826271057129,
        0.6803221702575684,
        0.7624855041503906
      ],
      "metadata": {
        "max_steps": 10000,
        "hesitation_count": 76,
        "done": true,
        "final_reward": 0.0
      }
    },
    {
      "episode_id": 1,
      "interventions": 42,
      "freeze_events": 0,
      "stability_score": 0.017988055938036138,
      "episode_length": 336,
      "episode_time": 0.9430649280548096,
      "success": false,
      "roll_rms": 0.20415878896075929,
      "pitch_rms": 0.05726487181197896,
      "roll_max": 0.5119302129502986,
      "pitch_max": 0.15693446255602744,
      "roll_std": 0.12817638946584686,
      "pitch_std": 0.0394825166565618,
      "com_deviation": 0.2655807210074458,
      "prefall_events": 99,
      "prefall_time": 0.9900000000000007,
      "safe_time": 1.9500000000000015,
      "fail_events": 42,
      "intervention_times": [
        0.4690978527069092,
        0.49268007278442383,
        0.49680590629577637,
        0.5013134479522705,
        0.5058267116546631,
        0.5148434638977051,
        0.518845796585083,
        0.5545318126678467,
        0.5600404739379883,
        0.5656170845031738,
        0.5711195468902588,
        0.5852358341217041,
        0.6011040210723877,
        0.6167066097259521,
        0.6217062473297119,
        0.6478614807128906,
        0.6528632640838623,
        0.6568772792816162,
        0.679987907409668,
        0.6850523948669434,
        0.6895737648010254,
        0.6946601867675781,
        0.6992228031158447,
        0.725100040435791,
        0.7301232814788818,
        0.7346272468566895,
        0.7391455173492432,
        0.7552297115325928,
        0.7597393989562988,
        0.7647523880004883,
        0.7692668437957764,
        0.7757766246795654,
        0.7813127040863037,
        0.8027193546295166,
        0.8332662582397461,
        0.8387761116027832,
        0.8650157451629639,
        0.8816382884979248,
        0.887148380279541,
        0.8921611309051514,
        0.9118804931640625,
        0.9168975353240967
      ],
      "freeze_times": [],