{
  "interventions": 0.08183306055646015,
  "stability": 0.0625592276362149,
  "average": 0.07219614409633753,
  "baseline_interventions": 40.733333333333334,
  "edon_interventions": 40.7,
  "baseline_stability": 0.01814608644040858,
  "edon_stability": 0.01813473438888526
}