{
  "profile": "high_stress",
  "gain": 0.75,
  "episodes": 10,
  "seed": 42,
  "baseline": {
    "interventions_per_episode": 40.2,
    "stability_avg": 0.018103988235758282
  },
  "edon": {
    "interventions_per_episode": 40.2,
    "stability_avg": 0.018093954408272536
  },
  "improvements": {
    "interventions": 0.0,
    "stability": 0.05542329875097765,
    "average": 0.027711649375488825
  }
}