{
  "profile": "high_stress",
  "gain": 1.25,
  "episodes": 10,
  "seed": 42,
  "baseline": {
    "interventions_per_episode": 40.2,
    "stability_avg": 0.018103988235758282
  },
  "edon": {
    "interventions_per_episode": 40.2,
    "stability_avg": 0.01808727245200285
  },
  "improvements": {
    "interventions": 0.0,
    "stability": 0.09233205157754248,
    "average": 0.04616602578877124
  }
}