{
  "profile": "high_stress",
  "n_seeds": 5,
  "episodes_per_seed": 30,
  "edon_gain": 0.75,
  "interventions": {
    "mean": -0.9699478257506551,
    "std": 1.0640599707361134,
    "min": -2.319801159900572,
    "max": 0.16380016380017196,
    "values": [
      0.16380016380017196,
      -2.319801159900572,
      -0.3327787021630604,
      -0.16583747927030568,
      -2.195121951219509
    ]
  },
  "stability": {
    "mean": -2.8186513108882543,
    "std": 2.5948784396958926,
    "min": -5.967524331830778,
    "max": 0.019846778299765264,
    "values": [
      -0.15567214407168664,
      0.019846778299765264,
      -2.2867867952516994,
      -5.703120061586873,
      -5.967524331830778
    ]
  },
  "average": {
    "mean": -1.8942995683194546,
    "std": 1.4397572622714712,
    "min": -4.081323141525143,
    "max": 0.004064009864242657,
    "values": [
      0.004064009864242657,
      -1.1499771908004033,
      -1.3097827487073799,
      -2.9344787704285893,
      -4.081323141525143
    ]
  },
  "label": "High stress V4: ~-1.9% \u00b1 1.4% avg improvement"
}