{
  "profile": "medium_stress",
  "n_seeds": 5,
  "episodes_per_seed": 30,
  "edon_gain": 0.75,
  "interventions": {
    "mean": -1.807925704647285,
    "std": 1.4805117357634003,
    "min": -3.9004149377593444,
    "max": 0.6677796327211997,
    "values": [
      -2.39669421487602,
      -1.9102990033222567,
      0.6677796327211997,
      -3.9004149377593444,
      -1.5000000000000036
    ]
  },
  "stability": {
    "mean": -0.774616126086308,
    "std": 3.4090843079490925,
    "min": -7.345330553467064,
    "max": 2.3416793648822636,
    "values": [
      2.3416793648822636,
      0.0306538397684915,
      -7.345330553467064,
      1.2801085383653517,
      -0.18019181998058315
    ]
  },
  "average": {
    "mean": -1.2912709153667967,
    "std": 1.1060564523326901,
    "min": -3.3387754603729323,
    "max": -0.027507424996878305,
    "values": [
      -0.027507424996878305,
      -0.9398225817768826,
      -3.3387754603729323,
      -1.3101531996969964,
      -0.8400959099902934
    ]
  },
  "label": "Medium stress V4: ~-1.3% \u00b1 1.1% avg improvement"
}