{
  "feature_names": [
    "eda_mean",
    "bvp_std",
    "acc_magnitude_mean",
    "temp_c",
    "humidity",
    "aqi",
    "local_hour"
  ],
  "state_map": {
    "balanced": 0,
    "focus": 1,
    "restorative": 2
  },
  "reverse_state_map": {
    "0": "balanced",
    "1": "focus",
    "2": "restorative"
  },
  "feature_importance": {
    "eda_mean": 0.3530678153038025,
    "bvp_std": 0.34148740768432617,
    "acc_magnitude_mean": 0.2713744640350342,
    "temp_c": 0.008748271502554417,
    "humidity": 0.010933847166597843,
    "aqi": 0.008701891638338566,
    "local_hour": 0.005686366930603981
  },
  "metrics": {
    "accuracy": 0.5233333333333333,
    "f1_macro": 0.2327885789424251,
    "f1_weighted": 0.5754492345261576
  }
}