{
  "feature_names": [
    "eda_mean",
    "eda_peaks_per_min",
    "bvp_std",
    "hrv_rmssd",
    "acc_magnitude_mean",
    "temp_c",
    "humidity",
    "aqi",
    "local_hour"
  ],
  "state_map": {
    "balanced": 0,
    "focus": 1,
    "restorative": 2
  },
  "reverse_state_map": {
    "0": "balanced",
    "1": "focus",
    "2": "restorative"
  },
  "feature_importance": {
    "eda_mean": 0.45133712887763977,
    "eda_peaks_per_min": 0.2785622179508209,
    "bvp_std": 0.0,
    "hrv_rmssd": 0.0,
    "acc_magnitude_mean": 0.2701006233692169,
    "temp_c": 0.0,
    "humidity": 0.0,
    "aqi": 0.0,
    "local_hour": 0.0
  },
  "class_weights": {
    "0": 12.683916793505835,
    "1": 5.780012716027975,
    "2": 0.36388115641431507
  },
  "best_parameters": {
    "learning_rate": 0.1,
    "max_depth": 10,
    "min_child_weight": 3,
    "n_estimators": 200,
    "subsample": 0.8
  },
  "metrics": {
    "accuracy": 0.82745,
    "f1_macro": 0.35206287572472633,
    "f1_weighted": 0.8383075239867527,
    "f1_per_class": [
      0.044989775051124746,
      0.1038961038961039,
      0.9073027482269503
    ],
    "precision_per_class": [
      0.048672566371681415,
      0.08573040045121263,
      0.9212376933895922
    ],
    "recall_per_class": [
      0.04182509505703422,
      0.13183000867302688,
      0.8937830904426615
    ]
  },
  "confusion_matrix": [
    [
      22,
      47,
      457
    ],
    [
      58,
      152,
      943
    ],
    [
      372,
      1574,
      16375
    ]
  ]
}